{"Name":{"description":"The name associated with your account","value":"Krissy Amber"},"EmailAddress":{"description":"The email address associated with your account","value":"amberkrissy7\u0040gmail.com"},"Birthday":{"description":"The date of birth associated with your account","value":"Mar 27, 1995"},"AccountCreationTime":{"description":"The date and time when you first created an account","value":1687675567},"AccountCreationSource":{"description":"How your account was created","value":"Facebook login"},"AccountStatus":{"description":"Whether your account is active or suspended","value":"Confirmed"},"AgeVerificationStatus":{"description":"Whether you've proved your age using an accepted form of ID","value":"Not verified"},"MetaHorizonProfileID":{"description":"The unique number used to identify your profile","value":109092332233652},"Username_OnlyMeta":{"description":"The username associated with your account","value":"tskristy95"},"LastTimeAliasChanged_OnlyMeta":{"description":"The date of your most recent update to your username","value":1696483263},"DisplayName":{"description":"The name you\u2019ve chosen to show on your profile","value":"So Be"},"ProfilePhoto_OnlyMeta":{"description":"The image that appears on your profile","value":"files\/103691756111669_profilephoto_onlymeta.jpg"},"Language_OnlyMeta":{"description":"The language you've selected to use ","value":"en_US"},"CurrentAndPastUsernames":{"description":"Any usernames that have been associated with your account","value":[{"NormalizedUsername":{"description":"The normalized version of this username","value":"tskristy95"},"StartTime":{"description":"The time you started using this username","value":1696483263}},{"NormalizedUsername":{"description":"The normalized version of this username","value":"krissynhaflmtso"},"StartTime":{"description":"The time you started using this username","value":1687675622},"EndTime":{"description":"The time you stopped using this username","value":1696483263}}]},"CurrentAndPastProfilePhotos_OnlyMeta":{"description":"Any photos used for your profile","value":[{"ProfilePhoto":{"description":"Your profile photo","value":"files\/183408318135386_profilephoto.jpg"},"UploadTime":{"description":"When you uploaded this photo as your profile photo","value":1696482955}},{"ProfilePhoto":{"description":"Your profile photo","value":"files\/183408308135387_profilephoto.jpg"},"UploadTime":{"description":"When you uploaded this photo as your profile photo","value":1696482952}},{"ProfilePhoto":{"description":"Your profile photo","value":"files\/109092568900295_profilephoto.jpg"},"UploadTime":{"description":"When you uploaded this photo as your profile photo","value":1687675632}},{"ProfilePhoto":{"description":"Your profile photo","value":"files\/109092532233632_profilephoto.jpg"},"UploadTime":{"description":"When you uploaded this photo as your profile photo","value":1687675628}}]},"Apps_OnlyMeta":{"description":"The Meta Quest apps you currently own","value":[{"ItemName":{"description":"Name of the item","value":"Meta Horizon Worlds"},"GrantedTime":{"description":"When your account was granted this item","value":1687675794},"Status":{"description":"The status of this item","value":0},"AppGroupingScopedID":{"description":"Your id scoped to the App Grouping this app belongs to","value":"N\/A"},"OrgScopedID":{"description":"Your id scoped to the Organization this app belongs to","value":"N\/A"},"OrgGroupingScopedID":{"description":"Your id scoped to the Organization Grouping this app belongs to","value":"N\/A"}}]},"RecentlyViewed_OnlyMeta":{"description":"The store items you've recently viewed","value":["Oculus Browser","Ultrawings 2","Hyper Dash","Meta Quest TV","VR Animation Player","Meta Horizon Worlds"]},"DeviceSharing":{"description":"Whether you have device sharing enabled or disabled","value":"Disabled"},"PrivateProfile":{"description":"Your private profile setting","value":"Off"},"WhoCanSeeYourActivity_OnlyMeta":{"description":"Your privacy setting for who can see the apps you use, and your achievements or high scores associated with those apps","value":"Anyone"},"ActiveStatusPrivacy_OnlyMeta":{"description":"Your privacy setting for who can see when you're active, recently active or currently in the same chat","value":"On"},"ShowTheAppYou'reUsing":{"description":"Your privacy setting for who can see the app you're currently using","value":"On"},"AllowNonApprovedApps_OnlyMeta":{"description":"Whether you've allowed apps that haven't been approved by Meta to run on your device","value":false},"SupervisionInvitations":{"description":"Your pending supervision invitation codes","value":["YANQWHSS"]},"ActiveSessions":{"description":"The start time and IP addresses of active sessions where you haven't logged out","value":[{"login_time":1696483551,"ip_address":"2600:8800:3680:61d0:5402:d3e8:a775:9001"},{"login_time":1696483621,"ip_address":"2600:8800:3680:61d0:5402:d3e8:a775:9001"},{"login_time":1696483552,"ip_address":"2600:8800:3680:61d0:5402:d3e8:a775:9001"},{"login_time":1694843673,"ip_address":"174.240.176.162"},{"login_time":1694843625,"ip_address":"174.240.176.162"},{"login_time":1690623032,"ip_address":"2600:8800:3e80:8600:e9a1:645e:f17f:1f0"},{"login_time":1690622945,"ip_address":"2600:8800:3e80:8600:e9a1:645e:f17f:1f0"}]},"ActiveOculusSessions":{"description":"The start time and IP addresses of active sessions where you haven't logged out","value":[{"login_time":1696483640,"ip_address":"2600:8800:3680:61d0:5402:d3e8:a775:9001"},{"login_time":1694843627,"ip_address":"174.240.176.162"},{"login_time":1690623019,"ip_address":"2600:8800:3e80:8600:e9a1:645e:f17f:1f0"}]},"LocationHistory":{"description":"The locations where this account was accessed","value":[{"coordinates":"33.464, -112.104","first_seen":1687675566,"last_seen":1687675566,"num_unique_weeks":1,"initial_ip":"2600:8800:310d:4c00:c96e:d06a:9f58:37db","last_week_seen":1687675566}]},"LoginHistory":{"description":"A history of your logins attempts","value":[{"time":1696483640,"successful":true},{"time":1696483550,"successful":true},{"time":1696483489,"successful":true},{"time":1696483229,"successful":true},{"time":1696482870,"successful":true},{"time":1694843627,"successful":true},{"time":1694843625,"successful":true},{"time":1690623019,"successful":true},{"time":1690622945,"successful":true},{"time":1687677416,"successful":true},{"time":1687677293,"successful":true},{"time":1687675716,"successful":true}]},"Username_HorizonWorlds":{"description":"Your Meta Horizon profile username","value":"tskristy95"}}